[
	{"id":"1101","idProvinsi":"11","nama":"KABUPATEN SIMEULUE"},
	{"id":"1102","idProvinsi":"11","nama":"KABUPATEN ACEH SINGKIL"},
	{"id":"1103","idProvinsi":"11","nama":"KABUPATEN ACEH SELATAN"},
	{"id":"1104","idProvinsi":"11","nama":"KABUPATEN ACEH TENGGARA"},
	{"id":"1105","idProvinsi":"11","nama":"KABUPATEN ACEH TIMUR"},
	{"id":"1106","idProvinsi":"11","nama":"KABUPATEN ACEH TENGAH"},
	{"id":"1107","idProvinsi":"11","nama":"KABUPATEN ACEH BARAT"},
	{"id":"1108","idProvinsi":"11","nama":"KABUPATEN ACEH BESAR"},
	{"id":"1109","idProvinsi":"11","nama":"KABUPATEN PIDIE"},
	{"id":"1110","idProvinsi":"11","nama":"KABUPATEN BIREUEN"},
	{"id":"1111","idProvinsi":"11","nama":"KABUPATEN ACEH UTARA"},
	{"id":"1112","idProvinsi":"11","nama":"KABUPATEN ACEH BARAT DAYA"},
	{"id":"1113","idProvinsi":"11","nama":"KABUPATEN GAYO LUES"},
	{"id":"1114","idProvinsi":"11","nama":"KABUPATEN ACEH TAMIANG"},
	{"id":"1115","idProvinsi":"11","nama":"KABUPATEN NAGAN RAYA"},
	{"id":"1116","idProvinsi":"11","nama":"KABUPATEN ACEH JAYA"},
	{"id":"1117","idProvinsi":"11","nama":"KABUPATEN BENER MERIAH"},
	{"id":"1118","idProvinsi":"11","nama":"KABUPATEN PIDIE JAYA"},
	{"id":"1171","idProvinsi":"11","nama":"KOTA BANDA ACEH"},
	{"id":"1172","idProvinsi":"11","nama":"KOTA SABANG"},
	{"id":"1173","idProvinsi":"11","nama":"KOTA LANGSA"},
	{"id":"1174","idProvinsi":"11","nama":"KOTA LHOKSEUMAWE"},
	{"id":"1175","idProvinsi":"11","nama":"KOTA SUBULUSSALAM"},
	{"id":"1201","idProvinsi":"12","nama":"KABUPATEN NIAS"},
	{"id":"1202","idProvinsi":"12","nama":"KABUPATEN MANDAILING NATAL"},
	{"id":"1203","idProvinsi":"12","nama":"KABUPATEN TAPANULI SELATAN"},
	{"id":"1204","idProvinsi":"12","nama":"KABUPATEN TAPANULI TENGAH"},
	{"id":"1205","idProvinsi":"12","nama":"KABUPATEN TAPANULI UTARA"},
	{"id":"1206","idProvinsi":"12","nama":"KABUPATEN TOBA SAMOSIR"},
	{"id":"1207","idProvinsi":"12","nama":"KABUPATEN LABUHAN BATU"},
	{"id":"1208","idProvinsi":"12","nama":"KABUPATEN ASAHAN"},
	{"id":"1209","idProvinsi":"12","nama":"KABUPATEN SIMALUNGUN"},
	{"id":"1210","idProvinsi":"12","nama":"KABUPATEN DAIRI"},
	{"id":"1211","idProvinsi":"12","nama":"KABUPATEN KARO"},
	{"id":"1212","idProvinsi":"12","nama":"KABUPATEN DELI SERDANG"},
	{"id":"1213","idProvinsi":"12","nama":"KABUPATEN LANGKAT"},
	{"id":"1214","idProvinsi":"12","nama":"KABUPATEN NIAS SELATAN"},
	{"id":"1215","idProvinsi":"12","nama":"KABUPATEN HUMBANG HASUNDUTAN"},
	{"id":"1216","idProvinsi":"12","nama":"KABUPATEN PAKPAK BHARAT"},
	{"id":"1217","idProvinsi":"12","nama":"KABUPATEN SAMOSIR"},
	{"id":"1218","idProvinsi":"12","nama":"KABUPATEN SERDANG BEDAGAI"},
	{"id":"1219","idProvinsi":"12","nama":"KABUPATEN BATU BARA"},
	{"id":"1220","idProvinsi":"12","nama":"KABUPATEN PADANG LAWAS UTARA"},
	{"id":"1221","idProvinsi":"12","nama":"KABUPATEN PADANG LAWAS"},
	{"id":"1222","idProvinsi":"12","nama":"KABUPATEN LABUHAN BATU SELATAN"},
	{"id":"1223","idProvinsi":"12","nama":"KABUPATEN LABUHAN BATU UTARA"},
	{"id":"1224","idProvinsi":"12","nama":"KABUPATEN NIAS UTARA"},
	{"id":"1225","idProvinsi":"12","nama":"KABUPATEN NIAS BARAT"},
	{"id":"1271","idProvinsi":"12","nama":"KOTA SIBOLGA"},
	{"id":"1272","idProvinsi":"12","nama":"KOTA TANJUNG BALAI"},
	{"id":"1273","idProvinsi":"12","nama":"KOTA PEMATANG SIANTAR"},
	{"id":"1274","idProvinsi":"12","nama":"KOTA TEBING TINGGI"},
	{"id":"1275","idProvinsi":"12","nama":"KOTA MEDAN"},
	{"id":"1276","idProvinsi":"12","nama":"KOTA BINJAI"},
	{"id":"1277","idProvinsi":"12","nama":"KOTA PADANGSIDIMPUAN"},
	{"id":"1278","idProvinsi":"12","nama":"KOTA GUNUNGSITOLI"},
	{"id":"1301","idProvinsi":"13","nama":"KABUPATEN KEPULAUAN MENTAWAI"},
	{"id":"1302","idProvinsi":"13","nama":"KABUPATEN PESISIR SELATAN"},
	{"id":"1303","idProvinsi":"13","nama":"KABUPATEN SOLOK"},
	{"id":"1304","idProvinsi":"13","nama":"KABUPATEN SIJUNJUNG"},
	{"id":"1305","idProvinsi":"13","nama":"KABUPATEN TANAH DATAR"},
	{"id":"1306","idProvinsi":"13","nama":"KABUPATEN PADANG PARIAMAN"},
	{"id":"1307","idProvinsi":"13","nama":"KABUPATEN AGAM"},
	{"id":"1308","idProvinsi":"13","nama":"KABUPATEN LIMA PULUH KOTA"},
	{"id":"1309","idProvinsi":"13","nama":"KABUPATEN PASAMAN"},
	{"id":"1310","idProvinsi":"13","nama":"KABUPATEN SOLOK SELATAN"},
	{"id":"1311","idProvinsi":"13","nama":"KABUPATEN DHARMASRAYA"},
	{"id":"1312","idProvinsi":"13","nama":"KABUPATEN PASAMAN BARAT"},
	{"id":"1371","idProvinsi":"13","nama":"KOTA PADANG"},
	{"id":"1372","idProvinsi":"13","nama":"KOTA SOLOK"},
	{"id":"1373","idProvinsi":"13","nama":"KOTA SAWAH LUNTO"},
	{"id":"1374","idProvinsi":"13","nama":"KOTA PADANG PANJANG"},
	{"id":"1375","idProvinsi":"13","nama":"KOTA BUKITTINGGI"},
	{"id":"1376","idProvinsi":"13","nama":"KOTA PAYAKUMBUH"},
	{"id":"1377","idProvinsi":"13","nama":"KOTA PARIAMAN"},
	{"id":"1401","idProvinsi":"14","nama":"KABUPATEN KUANTAN SINGINGI"},
	{"id":"1402","idProvinsi":"14","nama":"KABUPATEN INDRAGIRI HULU"},
	{"id":"1403","idProvinsi":"14","nama":"KABUPATEN INDRAGIRI HILIR"},
	{"id":"1404","idProvinsi":"14","nama":"KABUPATEN PELALAWAN"},
	{"id":"1405","idProvinsi":"14","nama":"KABUPATEN S I A K"},
	{"id":"1406","idProvinsi":"14","nama":"KABUPATEN KAMPAR"},
	{"id":"1407","idProvinsi":"14","nama":"KABUPATEN ROKAN HULU"},
	{"id":"1408","idProvinsi":"14","nama":"KABUPATEN BENGKALIS"},
	{"id":"1409","idProvinsi":"14","nama":"KABUPATEN ROKAN HILIR"},
	{"id":"1410","idProvinsi":"14","nama":"KABUPATEN KEPULAUAN MERANTI"},
	{"id":"1471","idProvinsi":"14","nama":"KOTA PEKANBARU"},
	{"id":"1473","idProvinsi":"14","nama":"KOTA D U M A I"},
	{"id":"1501","idProvinsi":"15","nama":"KABUPATEN KERINCI"},
	{"id":"1502","idProvinsi":"15","nama":"KABUPATEN MERANGIN"},
	{"id":"1503","idProvinsi":"15","nama":"KABUPATEN SAROLANGUN"},
	{"id":"1504","idProvinsi":"15","nama":"KABUPATEN BATANG HARI"},
	{"id":"1505","idProvinsi":"15","nama":"KABUPATEN MUARO JAMBI"},
	{"id":"1506","idProvinsi":"15","nama":"KABUPATEN TANJUNG JABUNG TIMUR"},
	{"id":"1507","idProvinsi":"15","nama":"KABUPATEN TANJUNG JABUNG BARAT"},
	{"id":"1508","idProvinsi":"15","nama":"KABUPATEN TEBO"},
	{"id":"1509","idProvinsi":"15","nama":"KABUPATEN BUNGO"},
	{"id":"1571","idProvinsi":"15","nama":"KOTA JAMBI"},
	{"id":"1572","idProvinsi":"15","nama":"KOTA SUNGAI PENUH"},
	{"id":"1601","idProvinsi":"16","nama":"KABUPATEN OGAN KOMERING ULU"},
	{"id":"1602","idProvinsi":"16","nama":"KABUPATEN OGAN KOMERING ILIR"},
	{"id":"1603","idProvinsi":"16","nama":"KABUPATEN MUARA ENIM"},
	{"id":"1604","idProvinsi":"16","nama":"KABUPATEN LAHAT"},
	{"id":"1605","idProvinsi":"16","nama":"KABUPATEN MUSI RAWAS"},
	{"id":"1606","idProvinsi":"16","nama":"KABUPATEN MUSI BANYUASIN"},
	{"id":"1607","idProvinsi":"16","nama":"KABUPATEN BANYU ASIN"},
	{"id":"1608","idProvinsi":"16","nama":"KABUPATEN OGAN KOMERING ULU SELATAN"},
	{"id":"1609","idProvinsi":"16","nama":"KABUPATEN OGAN KOMERING ULU TIMUR"},
	{"id":"1610","idProvinsi":"16","nama":"KABUPATEN OGAN ILIR"},
	{"id":"1611","idProvinsi":"16","nama":"KABUPATEN EMPAT LAWANG"},
	{"id":"1612","idProvinsi":"16","nama":"KABUPATEN PENUKAL ABAB LEMATANG ILIR"},
	{"id":"1613","idProvinsi":"16","nama":"KABUPATEN MUSI RAWAS UTARA"},
	{"id":"1671","idProvinsi":"16","nama":"KOTA PALEMBANG"},
	{"id":"1672","idProvinsi":"16","nama":"KOTA PRABUMULIH"},
	{"id":"1673","idProvinsi":"16","nama":"KOTA PAGAR ALAM"},
	{"id":"1674","idProvinsi":"16","nama":"KOTA LUBUKLINGGAU"},
	{"id":"1701","idProvinsi":"17","nama":"KABUPATEN BENGKULU SELATAN"},
	{"id":"1702","idProvinsi":"17","nama":"KABUPATEN REJANG LEBONG"},
	{"id":"1703","idProvinsi":"17","nama":"KABUPATEN BENGKULU UTARA"},
	{"id":"1704","idProvinsi":"17","nama":"KABUPATEN KAUR"},
	{"id":"1705","idProvinsi":"17","nama":"KABUPATEN SELUMA"},
	{"id":"1706","idProvinsi":"17","nama":"KABUPATEN MUKOMUKO"},
	{"id":"1707","idProvinsi":"17","nama":"KABUPATEN LEBONG"},
	{"id":"1708","idProvinsi":"17","nama":"KABUPATEN KEPAHIANG"},
	{"id":"1709","idProvinsi":"17","nama":"KABUPATEN BENGKULU TENGAH"},
	{"id":"1771","idProvinsi":"17","nama":"KOTA BENGKULU"},
	{"id":"1801","idProvinsi":"18","nama":"KABUPATEN LAMPUNG BARAT"},
	{"id":"1802","idProvinsi":"18","nama":"KABUPATEN TANGGAMUS"},
	{"id":"1803","idProvinsi":"18","nama":"KABUPATEN LAMPUNG SELATAN"},
	{"id":"1804","idProvinsi":"18","nama":"KABUPATEN LAMPUNG TIMUR"},
	{"id":"1805","idProvinsi":"18","nama":"KABUPATEN LAMPUNG TENGAH"},
	{"id":"1806","idProvinsi":"18","nama":"KABUPATEN LAMPUNG UTARA"},
	{"id":"1807","idProvinsi":"18","nama":"KABUPATEN WAY KANAN"},
	{"id":"1808","idProvinsi":"18","nama":"KABUPATEN TULANGBAWANG"},
	{"id":"1809","idProvinsi":"18","nama":"KABUPATEN PESAWARAN"},
	{"id":"1810","idProvinsi":"18","nama":"KABUPATEN PRINGSEWU"},
	{"id":"1811","idProvinsi":"18","nama":"KABUPATEN MESUJI"},
	{"id":"1812","idProvinsi":"18","nama":"KABUPATEN TULANG BAWANG BARAT"},
	{"id":"1813","idProvinsi":"18","nama":"KABUPATEN PESISIR BARAT"},
	{"id":"1871","idProvinsi":"18","nama":"KOTA BANDAR LAMPUNG"},
	{"id":"1872","idProvinsi":"18","nama":"KOTA METRO"},
	{"id":"1901","idProvinsi":"19","nama":"KABUPATEN BANGKA"},
	{"id":"1902","idProvinsi":"19","nama":"KABUPATEN BELITUNG"},
	{"id":"1903","idProvinsi":"19","nama":"KABUPATEN BANGKA BARAT"},
	{"id":"1904","idProvinsi":"19","nama":"KABUPATEN BANGKA TENGAH"},
	{"id":"1905","idProvinsi":"19","nama":"KABUPATEN BANGKA SELATAN"},
	{"id":"1906","idProvinsi":"19","nama":"KABUPATEN BELITUNG TIMUR"},
	{"id":"1971","idProvinsi":"19","nama":"KOTA PANGKAL PINANG"},
	{"id":"2101","idProvinsi":"21","nama":"KABUPATEN KARIMUN"},
	{"id":"2102","idProvinsi":"21","nama":"KABUPATEN BINTAN"},
	{"id":"2103","idProvinsi":"21","nama":"KABUPATEN NATUNA"},
	{"id":"2104","idProvinsi":"21","nama":"KABUPATEN LINGGA"},
	{"id":"2105","idProvinsi":"21","nama":"KABUPATEN KEPULAUAN ANAMBAS"},
	{"id":"2171","idProvinsi":"21","nama":"KOTA B A T A M"},
	{"id":"2172","idProvinsi":"21","nama":"KOTA TANJUNG PINANG"},
	{"id":"3101","idProvinsi":"31","nama":"KABUPATEN KEPULAUAN SERIBU"},
	{"id":"3171","idProvinsi":"31","nama":"KOTA JAKARTA SELATAN"},
	{"id":"3172","idProvinsi":"31","nama":"KOTA JAKARTA TIMUR"},
	{"id":"3173","idProvinsi":"31","nama":"KOTA JAKARTA PUSAT"},
	{"id":"3174","idProvinsi":"31","nama":"KOTA JAKARTA BARAT"},
	{"id":"3175","idProvinsi":"31","nama":"KOTA JAKARTA UTARA"},
	{"id":"3201","idProvinsi":"32","nama":"KABUPATEN BOGOR"},
	{"id":"3202","idProvinsi":"32","nama":"KABUPATEN SUKABUMI"},
	{"id":"3203","idProvinsi":"32","nama":"KABUPATEN CIANJUR"},
	{"id":"3204","idProvinsi":"32","nama":"KABUPATEN BANDUNG"},
	{"id":"3205","idProvinsi":"32","nama":"KABUPATEN GARUT"},
	{"id":"3206","idProvinsi":"32","nama":"KABUPATEN TASIKMALAYA"},
	{"id":"3207","idProvinsi":"32","nama":"KABUPATEN CIAMIS"},
	{"id":"3208","idProvinsi":"32","nama":"KABUPATEN KUNINGAN"},
	{"id":"3209","idProvinsi":"32","nama":"KABUPATEN CIREBON"},
	{"id":"3210","idProvinsi":"32","nama":"KABUPATEN MAJALENGKA"},
	{"id":"3211","idProvinsi":"32","nama":"KABUPATEN SUMEDANG"},
	{"id":"3212","idProvinsi":"32","nama":"KABUPATEN INDRAMAYU"},
	{"id":"3213","idProvinsi":"32","nama":"KABUPATEN SUBANG"},
	{"id":"3214","idProvinsi":"32","nama":"KABUPATEN PURWAKARTA"},
	{"id":"3215","idProvinsi":"32","nama":"KABUPATEN KARAWANG"},
	{"id":"3216","idProvinsi":"32","nama":"KABUPATEN BEKASI"},
	{"id":"3217","idProvinsi":"32","nama":"KABUPATEN BANDUNG BARAT"},
	{"id":"3218","idProvinsi":"32","nama":"KABUPATEN PANGANDARAN"},
	{"id":"3271","idProvinsi":"32","nama":"KOTA BOGOR"},
	{"id":"3272","idProvinsi":"32","nama":"KOTA SUKABUMI"},
	{"id":"3273","idProvinsi":"32","nama":"KOTA BANDUNG"},
	{"id":"3274","idProvinsi":"32","nama":"KOTA CIREBON"},
	{"id":"3275","idProvinsi":"32","nama":"KOTA BEKASI"},
	{"id":"3276","idProvinsi":"32","nama":"KOTA DEPOK"},
	{"id":"3277","idProvinsi":"32","nama":"KOTA CIMAHI"},
	{"id":"3278","idProvinsi":"32","nama":"KOTA TASIKMALAYA"},
	{"id":"3279","idProvinsi":"32","nama":"KOTA BANJAR"},
	{"id":"3301","idProvinsi":"33","nama":"KABUPATEN CILACAP"},
	{"id":"3302","idProvinsi":"33","nama":"KABUPATEN BANYUMAS"},
	{"id":"3303","idProvinsi":"33","nama":"KABUPATEN PURBALINGGA"},
	{"id":"3304","idProvinsi":"33","nama":"KABUPATEN BANJARNEGARA"},
	{"id":"3305","idProvinsi":"33","nama":"KABUPATEN KEBUMEN"},
	{"id":"3306","idProvinsi":"33","nama":"KABUPATEN PURWOREJO"},
	{"id":"3307","idProvinsi":"33","nama":"KABUPATEN WONOSOBO"},
	{"id":"3308","idProvinsi":"33","nama":"KABUPATEN MAGELANG"},
	{"id":"3309","idProvinsi":"33","nama":"KABUPATEN BOYOLALI"},
	{"id":"3310","idProvinsi":"33","nama":"KABUPATEN KLATEN"},
	{"id":"3311","idProvinsi":"33","nama":"KABUPATEN SUKOHARJO"},
	{"id":"3312","idProvinsi":"33","nama":"KABUPATEN WONOGIRI"},
	{"id":"3313","idProvinsi":"33","nama":"KABUPATEN KARANGANYAR"},
	{"id":"3314","idProvinsi":"33","nama":"KABUPATEN SRAGEN"},
	{"id":"3315","idProvinsi":"33","nama":"KABUPATEN GROBOGAN"},
	{"id":"3316","idProvinsi":"33","nama":"KABUPATEN BLORA"},
	{"id":"3317","idProvinsi":"33","nama":"KABUPATEN REMBANG"},
	{"id":"3318","idProvinsi":"33","nama":"KABUPATEN PATI"},
	{"id":"3319","idProvinsi":"33","nama":"KABUPATEN KUDUS"},
	{"id":"3320","idProvinsi":"33","nama":"KABUPATEN JEPARA"},
	{"id":"3321","idProvinsi":"33","nama":"KABUPATEN DEMAK"},
	{"id":"3322","idProvinsi":"33","nama":"KABUPATEN SEMARANG"},
	{"id":"3323","idProvinsi":"33","nama":"KABUPATEN TEMANGGUNG"},
	{"id":"3324","idProvinsi":"33","nama":"KABUPATEN KENDAL"},
	{"id":"3325","idProvinsi":"33","nama":"KABUPATEN BATANG"},
	{"id":"3326","idProvinsi":"33","nama":"KABUPATEN PEKALONGAN"},
	{"id":"3327","idProvinsi":"33","nama":"KABUPATEN PEMALANG"},
	{"id":"3328","idProvinsi":"33","nama":"KABUPATEN TEGAL"},
	{"id":"3329","idProvinsi":"33","nama":"KABUPATEN BREBES"},
	{"id":"3371","idProvinsi":"33","nama":"KOTA MAGELANG"},
	{"id":"3372","idProvinsi":"33","nama":"KOTA SURAKARTA"},
	{"id":"3373","idProvinsi":"33","nama":"KOTA SALATIGA"},
	{"id":"3374","idProvinsi":"33","nama":"KOTA SEMARANG"},
	{"id":"3375","idProvinsi":"33","nama":"KOTA PEKALONGAN"},
	{"id":"3376","idProvinsi":"33","nama":"KOTA TEGAL"},
	{"id":"3401","idProvinsi":"34","nama":"KABUPATEN KULON PROGO"},
	{"id":"3402","idProvinsi":"34","nama":"KABUPATEN BANTUL"},
	{"id":"3403","idProvinsi":"34","nama":"KABUPATEN GUNUNG KIDUL"},
	{"id":"3404","idProvinsi":"34","nama":"KABUPATEN SLEMAN"},
	{"id":"3471","idProvinsi":"34","nama":"KOTA YOGYAKARTA"},
	{"id":"3501","idProvinsi":"35","nama":"KABUPATEN PACITAN"},
	{"id":"3502","idProvinsi":"35","nama":"KABUPATEN PONOROGO"},
	{"id":"3503","idProvinsi":"35","nama":"KABUPATEN TRENGGALEK"},
	{"id":"3504","idProvinsi":"35","nama":"KABUPATEN TULUNGAGUNG"},
	{"id":"3505","idProvinsi":"35","nama":"KABUPATEN BLITAR"},
	{"id":"3506","idProvinsi":"35","nama":"KABUPATEN KEDIRI"},
	{"id":"3507","idProvinsi":"35","nama":"KABUPATEN MALANG"},
	{"id":"3508","idProvinsi":"35","nama":"KABUPATEN LUMAJANG"},
	{"id":"3509","idProvinsi":"35","nama":"KABUPATEN JEMBER"},
	{"id":"3510","idProvinsi":"35","nama":"KABUPATEN BANYUWANGI"},
	{"id":"3511","idProvinsi":"35","nama":"KABUPATEN BONDOWOSO"},
	{"id":"3512","idProvinsi":"35","nama":"KABUPATEN SITUBONDO"},
	{"id":"3513","idProvinsi":"35","nama":"KABUPATEN PROBOLINGGO"},
	{"id":"3514","idProvinsi":"35","nama":"KABUPATEN PASURUAN"},
	{"id":"3515","idProvinsi":"35","nama":"KABUPATEN SIDOARJO"},
	{"id":"3516","idProvinsi":"35","nama":"KABUPATEN MOJOKERTO"},
	{"id":"3517","idProvinsi":"35","nama":"KABUPATEN JOMBANG"},
	{"id":"3518","idProvinsi":"35","nama":"KABUPATEN NGANJUK"},
	{"id":"3519","idProvinsi":"35","nama":"KABUPATEN MADIUN"},
	{"id":"3520","idProvinsi":"35","nama":"KABUPATEN MAGETAN"},
	{"id":"3521","idProvinsi":"35","nama":"KABUPATEN NGAWI"},
	{"id":"3522","idProvinsi":"35","nama":"KABUPATEN BOJONEGORO"},
	{"id":"3523","idProvinsi":"35","nama":"KABUPATEN TUBAN"},
	{"id":"3524","idProvinsi":"35","nama":"KABUPATEN LAMONGAN"},
	{"id":"3525","idProvinsi":"35","nama":"KABUPATEN GRESIK"},
	{"id":"3526","idProvinsi":"35","nama":"KABUPATEN BANGKALAN"},
	{"id":"3527","idProvinsi":"35","nama":"KABUPATEN SAMPANG"},
	{"id":"3528","idProvinsi":"35","nama":"KABUPATEN PAMEKASAN"},
	{"id":"3529","idProvinsi":"35","nama":"KABUPATEN SUMENEP"},
	{"id":"3571","idProvinsi":"35","nama":"KOTA KEDIRI"},
	{"id":"3572","idProvinsi":"35","nama":"KOTA BLITAR"},
	{"id":"3573","idProvinsi":"35","nama":"KOTA MALANG"},
	{"id":"3574","idProvinsi":"35","nama":"KOTA PROBOLINGGO"},
	{"id":"3575","idProvinsi":"35","nama":"KOTA PASURUAN"},
	{"id":"3576","idProvinsi":"35","nama":"KOTA MOJOKERTO"},
	{"id":"3577","idProvinsi":"35","nama":"KOTA MADIUN"},
	{"id":"3578","idProvinsi":"35","nama":"KOTA SURABAYA"},
	{"id":"3579","idProvinsi":"35","nama":"KOTA BATU"},
	{"id":"3601","idProvinsi":"36","nama":"KABUPATEN PANDEGLANG"},
	{"id":"3602","idProvinsi":"36","nama":"KABUPATEN LEBAK"},
	{"id":"3603","idProvinsi":"36","nama":"KABUPATEN TANGERANG"},
	{"id":"3604","idProvinsi":"36","nama":"KABUPATEN SERANG"},
	{"id":"3671","idProvinsi":"36","nama":"KOTA TANGERANG"},
	{"id":"3672","idProvinsi":"36","nama":"KOTA CILEGON"},
	{"id":"3673","idProvinsi":"36","nama":"KOTA SERANG"},
	{"id":"3674","idProvinsi":"36","nama":"KOTA TANGERANG SELATAN"},
	{"id":"5101","idProvinsi":"51","nama":"KABUPATEN JEMBRANA"},
	{"id":"5102","idProvinsi":"51","nama":"KABUPATEN TABANAN"},
	{"id":"5103","idProvinsi":"51","nama":"KABUPATEN BADUNG"},
	{"id":"5104","idProvinsi":"51","nama":"KABUPATEN GIANYAR"},
	{"id":"5105","idProvinsi":"51","nama":"KABUPATEN KLUNGKUNG"},
	{"id":"5106","idProvinsi":"51","nama":"KABUPATEN BANGLI"},
	{"id":"5107","idProvinsi":"51","nama":"KABUPATEN KARANG ASEM"},
	{"id":"5108","idProvinsi":"51","nama":"KABUPATEN BULELENG"},
	{"id":"5171","idProvinsi":"51","nama":"KOTA DENPASAR"},
	{"id":"5201","idProvinsi":"52","nama":"KABUPATEN LOMBOK BARAT"},
	{"id":"5202","idProvinsi":"52","nama":"KABUPATEN LOMBOK TENGAH"},
	{"id":"5203","idProvinsi":"52","nama":"KABUPATEN LOMBOK TIMUR"},
	{"id":"5204","idProvinsi":"52","nama":"KABUPATEN SUMBAWA"},
	{"id":"5205","idProvinsi":"52","nama":"KABUPATEN DOMPU"},
	{"id":"5206","idProvinsi":"52","nama":"KABUPATEN BIMA"},
	{"id":"5207","idProvinsi":"52","nama":"KABUPATEN SUMBAWA BARAT"},
	{"id":"5208","idProvinsi":"52","nama":"KABUPATEN LOMBOK UTARA"},
	{"id":"5271","idProvinsi":"52","nama":"KOTA MATARAM"},
	{"id":"5272","idProvinsi":"52","nama":"KOTA BIMA"},
	{"id":"5301","idProvinsi":"53","nama":"KABUPATEN SUMBA BARAT"},
	{"id":"5302","idProvinsi":"53","nama":"KABUPATEN SUMBA TIMUR"},
	{"id":"5303","idProvinsi":"53","nama":"KABUPATEN KUPANG"},
	{"id":"5304","idProvinsi":"53","nama":"KABUPATEN TIMOR TENGAH SELATAN"},
	{"id":"5305","idProvinsi":"53","nama":"KABUPATEN TIMOR TENGAH UTARA"},
	{"id":"5306","idProvinsi":"53","nama":"KABUPATEN BELU"},
	{"id":"5307","idProvinsi":"53","nama":"KABUPATEN ALOR"},
	{"id":"5308","idProvinsi":"53","nama":"KABUPATEN LEMBATA"},
	{"id":"5309","idProvinsi":"53","nama":"KABUPATEN FLORES TIMUR"},
	{"id":"5310","idProvinsi":"53","nama":"KABUPATEN SIKKA"},
	{"id":"5311","idProvinsi":"53","nama":"KABUPATEN ENDE"},
	{"id":"5312","idProvinsi":"53","nama":"KABUPATEN NGADA"},
	{"id":"5313","idProvinsi":"53","nama":"KABUPATEN MANGGARAI"},
	{"id":"5314","idProvinsi":"53","nama":"KABUPATEN ROTE NDAO"},
	{"id":"5315","idProvinsi":"53","nama":"KABUPATEN MANGGARAI BARAT"},
	{"id":"5316","idProvinsi":"53","nama":"KABUPATEN SUMBA TENGAH"},
	{"id":"5317","idProvinsi":"53","nama":"KABUPATEN SUMBA BARAT DAYA"},
	{"id":"5318","idProvinsi":"53","nama":"KABUPATEN NAGEKEO"},
	{"id":"5319","idProvinsi":"53","nama":"KABUPATEN MANGGARAI TIMUR"},
	{"id":"5320","idProvinsi":"53","nama":"KABUPATEN SABU RAIJUA"},
	{"id":"5321","idProvinsi":"53","nama":"KABUPATEN MALAKA"},
	{"id":"5371","idProvinsi":"53","nama":"KOTA KUPANG"},
	{"id":"6101","idProvinsi":"61","nama":"KABUPATEN SAMBAS"},
	{"id":"6102","idProvinsi":"61","nama":"KABUPATEN BENGKAYANG"},
	{"id":"6103","idProvinsi":"61","nama":"KABUPATEN LANDAK"},
	{"id":"6104","idProvinsi":"61","nama":"KABUPATEN MEMPAWAH"},
	{"id":"6105","idProvinsi":"61","nama":"KABUPATEN SANGGAU"},
	{"id":"6106","idProvinsi":"61","nama":"KABUPATEN KETAPANG"},
	{"id":"6107","idProvinsi":"61","nama":"KABUPATEN SINTANG"},
	{"id":"6108","idProvinsi":"61","nama":"KABUPATEN KAPUAS HULU"},
	{"id":"6109","idProvinsi":"61","nama":"KABUPATEN SEKADAU"},
	{"id":"6110","idProvinsi":"61","nama":"KABUPATEN MELAWI"},
	{"id":"6111","idProvinsi":"61","nama":"KABUPATEN KAYONG UTARA"},
	{"id":"6112","idProvinsi":"61","nama":"KABUPATEN KUBU RAYA"},
	{"id":"6171","idProvinsi":"61","nama":"KOTA PONTIANAK"},
	{"id":"6172","idProvinsi":"61","nama":"KOTA SINGKAWANG"},
	{"id":"6201","idProvinsi":"62","nama":"KABUPATEN KOTAWARINGIN BARAT"},
	{"id":"6202","idProvinsi":"62","nama":"KABUPATEN KOTAWARINGIN TIMUR"},
	{"id":"6203","idProvinsi":"62","nama":"KABUPATEN KAPUAS"},
	{"id":"6204","idProvinsi":"62","nama":"KABUPATEN BARITO SELATAN"},
	{"id":"6205","idProvinsi":"62","nama":"KABUPATEN BARITO UTARA"},
	{"id":"6206","idProvinsi":"62","nama":"KABUPATEN SUKAMARA"},
	{"id":"6207","idProvinsi":"62","nama":"KABUPATEN LAMANDAU"},
	{"id":"6208","idProvinsi":"62","nama":"KABUPATEN SERUYAN"},
	{"id":"6209","idProvinsi":"62","nama":"KABUPATEN KATINGAN"},
	{"id":"6210","idProvinsi":"62","nama":"KABUPATEN PULANG PISAU"},
	{"id":"6211","idProvinsi":"62","nama":"KABUPATEN GUNUNG MAS"},
	{"id":"6212","idProvinsi":"62","nama":"KABUPATEN BARITO TIMUR"},
	{"id":"6213","idProvinsi":"62","nama":"KABUPATEN MURUNG RAYA"},
	{"id":"6271","idProvinsi":"62","nama":"KOTA PALANGKA RAYA"},
	{"id":"6301","idProvinsi":"63","nama":"KABUPATEN TANAH LAUT"},
	{"id":"6302","idProvinsi":"63","nama":"KABUPATEN KOTA BARU"},
	{"id":"6303","idProvinsi":"63","nama":"KABUPATEN BANJAR"},
	{"id":"6304","idProvinsi":"63","nama":"KABUPATEN BARITO KUALA"},
	{"id":"6305","idProvinsi":"63","nama":"KABUPATEN TAPIN"},
	{"id":"6306","idProvinsi":"63","nama":"KABUPATEN HULU SUNGAI SELATAN"},
	{"id":"6307","idProvinsi":"63","nama":"KABUPATEN HULU SUNGAI TENGAH"},
	{"id":"6308","idProvinsi":"63","nama":"KABUPATEN HULU SUNGAI UTARA"},
	{"id":"6309","idProvinsi":"63","nama":"KABUPATEN TABALONG"},
	{"id":"6310","idProvinsi":"63","nama":"KABUPATEN TANAH BUMBU"},
	{"id":"6311","idProvinsi":"63","nama":"KABUPATEN BALANGAN"},
	{"id":"6371","idProvinsi":"63","nama":"KOTA BANJARMASIN"},
	{"id":"6372","idProvinsi":"63","nama":"KOTA BANJAR BARU"},
	{"id":"6401","idProvinsi":"64","nama":"KABUPATEN PASER"},
	{"id":"6402","idProvinsi":"64","nama":"KABUPATEN KUTAI BARAT"},
	{"id":"6403","idProvinsi":"64","nama":"KABUPATEN KUTAI KARTANEGARA"},
	{"id":"6404","idProvinsi":"64","nama":"KABUPATEN KUTAI TIMUR"},
	{"id":"6405","idProvinsi":"64","nama":"KABUPATEN BERAU"},
	{"id":"6409","idProvinsi":"64","nama":"KABUPATEN PENAJAM PASER UTARA"},
	{"id":"6411","idProvinsi":"64","nama":"KABUPATEN MAHAKAM HULU"},
	{"id":"6471","idProvinsi":"64","nama":"KOTA BALIKPAPAN"},
	{"id":"6472","idProvinsi":"64","nama":"KOTA SAMARINDA"},
	{"id":"6474","idProvinsi":"64","nama":"KOTA BONTANG"},
	{"id":"6501","idProvinsi":"65","nama":"KABUPATEN MALINAU"},
	{"id":"6502","idProvinsi":"65","nama":"KABUPATEN BULUNGAN"},
	{"id":"6503","idProvinsi":"65","nama":"KABUPATEN TANA TIDUNG"},
	{"id":"6504","idProvinsi":"65","nama":"KABUPATEN NUNUKAN"},
	{"id":"6571","idProvinsi":"65","nama":"KOTA TARAKAN"},
	{"id":"7101","idProvinsi":"71","nama":"KABUPATEN BOLAANG MONGONDOW"},
	{"id":"7102","idProvinsi":"71","nama":"KABUPATEN MINAHASA"},
	{"id":"7103","idProvinsi":"71","nama":"KABUPATEN KEPULAUAN SANGIHE"},
	{"id":"7104","idProvinsi":"71","nama":"KABUPATEN KEPULAUAN TALAUD"},
	{"id":"7105","idProvinsi":"71","nama":"KABUPATEN MINAHASA SELATAN"},
	{"id":"7106","idProvinsi":"71","nama":"KABUPATEN MINAHASA UTARA"},
	{"id":"7107","idProvinsi":"71","nama":"KABUPATEN BOLAANG MONGONDOW UTARA"},
	{"id":"7108","idProvinsi":"71","nama":"KABUPATEN SIAU TAGULANDANG BIARO"},
	{"id":"7109","idProvinsi":"71","nama":"KABUPATEN MINAHASA TENGGARA"},
	{"id":"7110","idProvinsi":"71","nama":"KABUPATEN BOLAANG MONGONDOW SELATAN"},
	{"id":"7111","idProvinsi":"71","nama":"KABUPATEN BOLAANG MONGONDOW TIMUR"},
	{"id":"7171","idProvinsi":"71","nama":"KOTA MANADO"},
	{"id":"7172","idProvinsi":"71","nama":"KOTA BITUNG"},
	{"id":"7173","idProvinsi":"71","nama":"KOTA TOMOHON"},
	{"id":"7174","idProvinsi":"71","nama":"KOTA KOTAMOBAGU"},
	{"id":"7201","idProvinsi":"72","nama":"KABUPATEN BANGGAI KEPULAUAN"},
	{"id":"7202","idProvinsi":"72","nama":"KABUPATEN BANGGAI"},
	{"id":"7203","idProvinsi":"72","nama":"KABUPATEN MOROWALI"},
	{"id":"7204","idProvinsi":"72","nama":"KABUPATEN POSO"},
	{"id":"7205","idProvinsi":"72","nama":"KABUPATEN DONGGALA"},
	{"id":"7206","idProvinsi":"72","nama":"KABUPATEN TOLI-TOLI"},
	{"id":"7207","idProvinsi":"72","nama":"KABUPATEN BUOL"},
	{"id":"7208","idProvinsi":"72","nama":"KABUPATEN PARIGI MOUTONG"},
	{"id":"7209","idProvinsi":"72","nama":"KABUPATEN TOJO UNA-UNA"},
	{"id":"7210","idProvinsi":"72","nama":"KABUPATEN SIGI"},
	{"id":"7211","idProvinsi":"72","nama":"KABUPATEN BANGGAI LAUT"},
	{"id":"7212","idProvinsi":"72","nama":"KABUPATEN MOROWALI UTARA"},
	{"id":"7271","idProvinsi":"72","nama":"KOTA PALU"},
	{"id":"7301","idProvinsi":"73","nama":"KABUPATEN KEPULAUAN SELAYAR"},
	{"id":"7302","idProvinsi":"73","nama":"KABUPATEN BULUKUMBA"},
	{"id":"7303","idProvinsi":"73","nama":"KABUPATEN BANTAENG"},
	{"id":"7304","idProvinsi":"73","nama":"KABUPATEN JENEPONTO"},
	{"id":"7305","idProvinsi":"73","nama":"KABUPATEN TAKALAR"},
	{"id":"7306","idProvinsi":"73","nama":"KABUPATEN GOWA"},
	{"id":"7307","idProvinsi":"73","nama":"KABUPATEN SINJAI"},
	{"id":"7308","idProvinsi":"73","nama":"KABUPATEN MAROS"},
	{"id":"7309","idProvinsi":"73","nama":"KABUPATEN PANGKAJENE DAN KEPULAUAN"},
	{"id":"7310","idProvinsi":"73","nama":"KABUPATEN BARRU"},
	{"id":"7311","idProvinsi":"73","nama":"KABUPATEN BONE"},
	{"id":"7312","idProvinsi":"73","nama":"KABUPATEN SOPPENG"},
	{"id":"7313","idProvinsi":"73","nama":"KABUPATEN WAJO"},
	{"id":"7314","idProvinsi":"73","nama":"KABUPATEN SIDENRENG RAPPANG"},
	{"id":"7315","idProvinsi":"73","nama":"KABUPATEN PINRANG"},
	{"id":"7316","idProvinsi":"73","nama":"KABUPATEN ENREKANG"},
	{"id":"7317","idProvinsi":"73","nama":"KABUPATEN LUWU"},
	{"id":"7318","idProvinsi":"73","nama":"KABUPATEN TANA TORAJA"},
	{"id":"7322","idProvinsi":"73","nama":"KABUPATEN LUWU UTARA"},
	{"id":"7325","idProvinsi":"73","nama":"KABUPATEN LUWU TIMUR"},
	{"id":"7326","idProvinsi":"73","nama":"KABUPATEN TORAJA UTARA"},
	{"id":"7371","idProvinsi":"73","nama":"KOTA MAKASSAR"},
	{"id":"7372","idProvinsi":"73","nama":"KOTA PAREPARE"},
	{"id":"7373","idProvinsi":"73","nama":"KOTA PALOPO"},
	{"id":"7401","idProvinsi":"74","nama":"KABUPATEN BUTON"},
	{"id":"7402","idProvinsi":"74","nama":"KABUPATEN MUNA"},
	{"id":"7403","idProvinsi":"74","nama":"KABUPATEN KONAWE"},
	{"id":"7404","idProvinsi":"74","nama":"KABUPATEN KOLAKA"},
	{"id":"7405","idProvinsi":"74","nama":"KABUPATEN KONAWE SELATAN"},
	{"id":"7406","idProvinsi":"74","nama":"KABUPATEN BOMBANA"},
	{"id":"7407","idProvinsi":"74","nama":"KABUPATEN WAKATOBI"},
	{"id":"7408","idProvinsi":"74","nama":"KABUPATEN KOLAKA UTARA"},
	{"id":"7409","idProvinsi":"74","nama":"KABUPATEN BUTON UTARA"},
	{"id":"7410","idProvinsi":"74","nama":"KABUPATEN KONAWE UTARA"},
	{"id":"7411","idProvinsi":"74","nama":"KABUPATEN KOLAKA TIMUR"},
	{"id":"7412","idProvinsi":"74","nama":"KABUPATEN KONAWE KEPULAUAN"},
	{"id":"7413","idProvinsi":"74","nama":"KABUPATEN MUNA BARAT"},
	{"id":"7414","idProvinsi":"74","nama":"KABUPATEN BUTON TENGAH"},
	{"id":"7415","idProvinsi":"74","nama":"KABUPATEN BUTON SELATAN"},
	{"id":"7471","idProvinsi":"74","nama":"KOTA KENDARI"},
	{"id":"7472","idProvinsi":"74","nama":"KOTA BAUBAU"},
	{"id":"7501","idProvinsi":"75","nama":"KABUPATEN BOALEMO"},
	{"id":"7502","idProvinsi":"75","nama":"KABUPATEN GORONTALO"},
	{"id":"7503","idProvinsi":"75","nama":"KABUPATEN POHUWATO"},
	{"id":"7504","idProvinsi":"75","nama":"KABUPATEN BONE BOLANGO"},
	{"id":"7505","idProvinsi":"75","nama":"KABUPATEN GORONTALO UTARA"},
	{"id":"7571","idProvinsi":"75","nama":"KOTA GORONTALO"},
	{"id":"7601","idProvinsi":"76","nama":"KABUPATEN MAJENE"},
	{"id":"7602","idProvinsi":"76","nama":"KABUPATEN POLEWALI MANDAR"},
	{"id":"7603","idProvinsi":"76","nama":"KABUPATEN MAMASA"},
	{"id":"7604","idProvinsi":"76","nama":"KABUPATEN MAMUJU"},
	{"id":"7605","idProvinsi":"76","nama":"KABUPATEN MAMUJU UTARA"},
	{"id":"7606","idProvinsi":"76","nama":"KABUPATEN MAMUJU TENGAH"},
	{"id":"8101","idProvinsi":"81","nama":"KABUPATEN MALUKU TENGGARA BARAT"},
	{"id":"8102","idProvinsi":"81","nama":"KABUPATEN MALUKU TENGGARA"},
	{"id":"8103","idProvinsi":"81","nama":"KABUPATEN MALUKU TENGAH"},
	{"id":"8104","idProvinsi":"81","nama":"KABUPATEN BURU"},
	{"id":"8105","idProvinsi":"81","nama":"KABUPATEN KEPULAUAN ARU"},
	{"id":"8106","idProvinsi":"81","nama":"KABUPATEN SERAM BAGIAN BARAT"},
	{"id":"8107","idProvinsi":"81","nama":"KABUPATEN SERAM BAGIAN TIMUR"},
	{"id":"8108","idProvinsi":"81","nama":"KABUPATEN MALUKU BARAT DAYA"},
	{"id":"8109","idProvinsi":"81","nama":"KABUPATEN BURU SELATAN"},
	{"id":"8171","idProvinsi":"81","nama":"KOTA AMBON"},
	{"id":"8172","idProvinsi":"81","nama":"KOTA TUAL"},
	{"id":"8201","idProvinsi":"82","nama":"KABUPATEN HALMAHERA BARAT"},
	{"id":"8202","idProvinsi":"82","nama":"KABUPATEN HALMAHERA TENGAH"},
	{"id":"8203","idProvinsi":"82","nama":"KABUPATEN KEPULAUAN SULA"},
	{"id":"8204","idProvinsi":"82","nama":"KABUPATEN HALMAHERA SELATAN"},
	{"id":"8205","idProvinsi":"82","nama":"KABUPATEN HALMAHERA UTARA"},
	{"id":"8206","idProvinsi":"82","nama":"KABUPATEN HALMAHERA TIMUR"},
	{"id":"8207","idProvinsi":"82","nama":"KABUPATEN PULAU MOROTAI"},
	{"id":"8208","idProvinsi":"82","nama":"KABUPATEN PULAU TALIABU"},
	{"id":"8271","idProvinsi":"82","nama":"KOTA TERNATE"},
	{"id":"8272","idProvinsi":"82","nama":"KOTA TIDORE KEPULAUAN"},
	{"id":"9101","idProvinsi":"91","nama":"KABUPATEN FAKFAK"},
	{"id":"9102","idProvinsi":"91","nama":"KABUPATEN KAIMANA"},
	{"id":"9103","idProvinsi":"91","nama":"KABUPATEN TELUK WONDAMA"},
	{"id":"9104","idProvinsi":"91","nama":"KABUPATEN TELUK BINTUNI"},
	{"id":"9105","idProvinsi":"91","nama":"KABUPATEN MANOKWARI"},
	{"id":"9106","idProvinsi":"91","nama":"KABUPATEN SORONG SELATAN"},
	{"id":"9107","idProvinsi":"91","nama":"KABUPATEN SORONG"},
	{"id":"9108","idProvinsi":"91","nama":"KABUPATEN RAJA AMPAT"},
	{"id":"9109","idProvinsi":"91","nama":"KABUPATEN TAMBRAUW"},
	{"id":"9110","idProvinsi":"91","nama":"KABUPATEN MAYBRAT"},
	{"id":"9111","idProvinsi":"91","nama":"KABUPATEN MANOKWARI SELATAN"},
	{"id":"9112","idProvinsi":"91","nama":"KABUPATEN PEGUNUNGAN ARFAK"},
	{"id":"9171","idProvinsi":"91","nama":"KOTA SORONG"},
	{"id":"9401","idProvinsi":"94","nama":"KABUPATEN MERAUKE"},
	{"id":"9402","idProvinsi":"94","nama":"KABUPATEN JAYAWIJAYA"},
	{"id":"9403","idProvinsi":"94","nama":"KABUPATEN JAYAPURA"},
	{"id":"9404","idProvinsi":"94","nama":"KABUPATEN NABIRE"},
	{"id":"9408","idProvinsi":"94","nama":"KABUPATEN KEPULAUAN YAPEN"},
	{"id":"9409","idProvinsi":"94","nama":"KABUPATEN BIAK NUMFOR"},
	{"id":"9410","idProvinsi":"94","nama":"KABUPATEN PANIAI"},
	{"id":"9411","idProvinsi":"94","nama":"KABUPATEN PUNCAK JAYA"},
	{"id":"9412","idProvinsi":"94","nama":"KABUPATEN MIMIKA"},
	{"id":"9413","idProvinsi":"94","nama":"KABUPATEN BOVEN DIGOEL"},
	{"id":"9414","idProvinsi":"94","nama":"KABUPATEN MAPPI"},
	{"id":"9415","idProvinsi":"94","nama":"KABUPATEN ASMAT"},
	{"id":"9416","idProvinsi":"94","nama":"KABUPATEN YAHUKIMO"},
	{"id":"9417","idProvinsi":"94","nama":"KABUPATEN PEGUNUNGAN BINTANG"},
	{"id":"9418","idProvinsi":"94","nama":"KABUPATEN TOLIKARA"},
	{"id":"9419","idProvinsi":"94","nama":"KABUPATEN SARMI"},
	{"id":"9420","idProvinsi":"94","nama":"KABUPATEN KEEROM"},
	{"id":"9426","idProvinsi":"94","nama":"KABUPATEN WAROPEN"},
	{"id":"9427","idProvinsi":"94","nama":"KABUPATEN SUPIORI"},
	{"id":"9428","idProvinsi":"94","nama":"KABUPATEN MAMBERAMO RAYA"},
	{"id":"9429","idProvinsi":"94","nama":"KABUPATEN NDUGA"},
	{"id":"9430","idProvinsi":"94","nama":"KABUPATEN LANNY JAYA"},
	{"id":"9431","idProvinsi":"94","nama":"KABUPATEN MAMBERAMO TENGAH"},
	{"id":"9432","idProvinsi":"94","nama":"KABUPATEN YALIMO"},
	{"id":"9433","idProvinsi":"94","nama":"KABUPATEN PUNCAK"},
	{"id":"9434","idProvinsi":"94","nama":"KABUPATEN DOGIYAI"},
	{"id":"9435","idProvinsi":"94","nama":"KABUPATEN INTAN JAYA"},
	{"id":"9436","idProvinsi":"94","nama":"KABUPATEN DEIYAI"},
	{"id":"9471","idProvinsi":"94","nama":"KOTA JAYAPURA"}
]
